{
  "jd_parsing_time": 0.016641299999719195,
  "candidate_parsing_time": 0.0,
  "feature_extraction_time": 39.40349759981473,
  "matching_time": 0.0,
  "ranking_time": 44.43806640018556,
  "reasoning_time": 7.716468199999326,
  "submission_time": 0.0002547000003687572,
  "total_runtime": 91.57510100000036
}