{
  "candidate_score_distribution": {
    "min": 38.333914,
    "max": 100.0,
    "mean": 53.72346022,
    "median": 48.682304,
    "variance": 201.5957369649634
  },
  "score_variance": 201.5957369649634,
  "duplicate_score_rate": 0.0,
  "penalty_rate": 0.89,
  "confidence_distribution": {
    "mean": 0.72957018,
    "median": 0.7313795000000001,
    "min": 0.607099,
    "max": 0.857874
  }
}