{
  "candidate_score_distribution": {
    "min": 0.0,
    "max": 100.0,
    "mean": 28.5712227,
    "median": 26.4107645,
    "variance": 526.2563257410492
  },
  "score_variance": 526.2563257410492,
  "duplicate_score_rate": 0.010000000000000009,
  "penalty_rate": 0.0,
  "confidence_distribution": {
    "mean": 0.80709119,
    "median": 0.8276465,
    "min": 0.675608,
    "max": 0.895664
  }
}