{
  "candidate_count": 100000,
  "total_runtime_seconds": 386.0097463130951,
  "peak_memory_mb": 610.062248
}